{"cameraMode":{"drawMode":0,"name":"Shaded","section":"Shading Mode"},"sceneLighting":true,"audioPlay":false,"sceneViewState":{"showFog":true,"showMaterialUpdate":true,"showSkybox":true,"showFlares":true,"showImageEffects":true,"showParticleSystems":true},"in2DMode":false,"pivot":{"x":0.1352616399526596,"y":3.3221356868743898,"z":0.10398023575544357},"rotation":{"x":-0.015970762819051744,"y":-0.007804993540048599,"z":-0.00032718334114179015,"w":-0.9998462200164795},"size":6.169707298278809,"orthographic":false}