{"cameraMode":{"drawMode":0,"name":"Shaded","section":"Shading Mode"},"sceneLighting":false,"audioPlay":false,"sceneViewState":{"showFog":true,"showMaterialUpdate":true,"showSkybox":true,"showFlares":true,"showImageEffects":true,"showParticleSystems":true},"in2DMode":false,"pivot":{"x":0.39125099778175356,"y":0.013497896492481232,"z":0.0064640045166015629},"rotation":{"x":-0.008473779074847699,"y":-0.01380219217389822,"z":-0.0003349015023559332,"w":-0.9998711347579956},"size":3.900057077407837,"orthographic":false}