{"cameraMode":{"drawMode":0,"name":"Shaded","section":"Shading Mode"},"sceneLighting":true,"audioPlay":false,"sceneViewState":{"showFog":true,"showMaterialUpdate":true,"showSkybox":true,"showFlares":true,"showImageEffects":true,"showParticleSystems":true},"in2DMode":false,"pivot":{"x":0.14169365167617799,"y":0.9634643197059631,"z":0.03952435404062271},"rotation":{"x":-0.009950474835932255,"y":0.029690463095903398,"z":-0.0007476088940165937,"w":-0.99951171875},"size":1.9758265018463135,"orthographic":false}