{"cameraMode":{"drawMode":0,"name":"Shaded","section":"Shading Mode"},"sceneLighting":false,"audioPlay":false,"sceneViewState":{"showFog":true,"showMaterialUpdate":false,"showSkybox":true,"showFlares":true,"showImageEffects":true,"showParticleSystems":true},"in2DMode":false,"pivot":{"x":-0.5099714994430542,"y":0.008478343486785889,"z":0.07585055381059647},"rotation":{"x":0.016590259969234468,"y":-0.9829080700874329,"z":0.13453087210655213,"w":0.1245710626244545},"size":0.46155935525894167,"orthographic":false}