{"cameraMode":{"drawMode":0,"name":"Shaded","section":"Shading Mode"},"sceneLighting":false,"audioPlay":false,"sceneViewState":{"showFog":true,"showMaterialUpdate":false,"showSkybox":true,"showFlares":true,"showImageEffects":true,"showParticleSystems":true},"in2DMode":false,"pivot":{"x":-9.83254337310791,"y":0.19100210070610047,"z":-0.25580230355262759},"rotation":{"x":-0.15185114741325379,"y":0.015943817794322969,"z":-0.0029070458840578796,"w":-0.9882705211639404},"size":11.655693054199219,"orthographic":false}