{"cameraMode":{"drawMode":0,"name":"Shaded","section":"Shading Mode"},"sceneLighting":false,"audioPlay":false,"sceneViewState":{"showFog":true,"showMaterialUpdate":false,"showSkybox":true,"showFlares":true,"showImageEffects":true,"showParticleSystems":true},"in2DMode":false,"pivot":{"x":-0.289775013923645,"y":0.2439209222793579,"z":3.2334060668945314},"rotation":{"x":-0.05489280819892883,"y":0.034117281436920169,"z":-0.00232965056784451,"w":-0.9979065656661987},"size":6.4572906494140629,"orthographic":false}