{"cameraMode":{"drawMode":0,"name":"Shaded","section":"Shading Mode"},"sceneLighting":false,"audioPlay":false,"sceneViewState":{"showFog":true,"showMaterialUpdate":false,"showSkybox":true,"showFlares":true,"showImageEffects":true,"showParticleSystems":true},"in2DMode":false,"pivot":{"x":0.1378621757030487,"y":0.330906480550766,"z":1.302203893661499},"rotation":{"x":0.06734442710876465,"y":-0.6646696329116821,"z":0.06096853315830231,"w":0.7415941953659058},"size":6.319570541381836,"orthographic":false}