{"cameraMode":{"drawMode":0,"name":"Shaded","section":"Shading Mode"},"sceneLighting":true,"audioPlay":false,"sceneViewState":{"showFog":true,"showMaterialUpdate":true,"showSkybox":true,"showFlares":true,"showImageEffects":true,"showParticleSystems":true},"in2DMode":false,"pivot":{"x":-0.5186270475387573,"y":1.7317919731140137,"z":-0.15677239000797273},"rotation":{"x":-0.02580411732196808,"y":-0.014397415332496167,"z":0.00037162628723308444,"w":-0.9995644688606262},"size":9.643393516540528,"orthographic":false}