{"cameraMode":{"drawMode":0,"name":"Shaded","section":"Shading Mode"},"sceneLighting":false,"audioPlay":false,"sceneViewState":{"showFog":true,"showMaterialUpdate":true,"showSkybox":true,"showFlares":true,"showImageEffects":true,"showParticleSystems":true},"in2DMode":false,"pivot":{"x":-0.02526869997382164,"y":0.06831813603639603,"z":-0.033193279057741168},"rotation":{"x":-0.033950075507164,"y":0.01617586240172386,"z":-0.0010017437161877752,"w":-0.9992920756340027},"size":0.7597095966339111,"orthographic":false}