{"cameraMode":{"drawMode":0,"name":"Shaded","section":"Shading Mode"},"sceneLighting":false,"audioPlay":false,"sceneViewState":{"showFog":true,"showMaterialUpdate":true,"showSkybox":true,"showFlares":true,"showImageEffects":true,"showParticleSystems":true},"in2DMode":false,"pivot":{"x":-0.24575984477996827,"y":0.5472992658615112,"z":0.979042649269104},"rotation":{"x":-0.1858021467924118,"y":0.5475403070449829,"z":-0.12620791792869569,"w":-0.8060804605484009},"size":0.4253631830215454,"orthographic":false}