{"cameraMode":{"drawMode":0,"name":"Shaded","section":"Shading Mode"},"sceneLighting":true,"audioPlay":false,"sceneViewState":{"showFog":true,"showMaterialUpdate":false,"showSkybox":true,"showFlares":true,"showImageEffects":true,"showParticleSystems":true},"in2DMode":false,"pivot":{"x":2.083357810974121,"y":3.2894186973571779,"z":10.630237579345704},"rotation":{"x":-0.15185114741325379,"y":0.015943817794322969,"z":-0.0029070458840578796,"w":-0.9882705211639404},"size":19.4053897857666,"orthographic":false}