{"cameraMode":{"drawMode":0,"name":"Shaded","section":"Shading Mode"},"sceneLighting":false,"audioPlay":false,"sceneViewState":{"showFog":true,"showMaterialUpdate":true,"showSkybox":true,"showFlares":true,"showImageEffects":true,"showParticleSystems":true},"in2DMode":false,"pivot":{"x":-0.12006684392690659,"y":-0.7435439229011536,"z":0.923082172870636},"rotation":{"x":-0.16428431868553163,"y":-0.012160127982497216,"z":0.002025896217674017,"w":-0.9863442778587341},"size":3.3702993392944338,"orthographic":false}