{"cameraMode":{"drawMode":0,"name":"Shaded","section":"Shading Mode"},"sceneLighting":true,"audioPlay":false,"sceneViewState":{"showFog":true,"showMaterialUpdate":true,"showSkybox":true,"showFlares":true,"showImageEffects":true,"showParticleSystems":true},"in2DMode":false,"pivot":{"x":1.2290782928466797,"y":1.671404480934143,"z":2.1603188514709474},"rotation":{"x":-0.00030964097823016346,"y":-0.005402680486440659,"z":0.0000016010228591767373,"w":-0.9999880194664002},"size":3.0612363815307619,"orthographic":false}