{"cameraMode":{"drawMode":0,"name":"Shaded","section":"Shading Mode"},"sceneLighting":false,"audioPlay":false,"sceneViewState":{"showFog":true,"showMaterialUpdate":false,"showSkybox":true,"showFlares":true,"showImageEffects":true,"showParticleSystems":true},"in2DMode":false,"pivot":{"x":-31.07779312133789,"y":3.9194865226745607,"z":8.164322853088379},"rotation":{"x":0.004908684175461531,"y":-0.6640837788581848,"z":0.004964902997016907,"w":0.7476256489753723},"size":6.413985252380371,"orthographic":false}