{"cameraMode":{"drawMode":0,"name":"Shaded","section":"Shading Mode"},"sceneLighting":true,"audioPlay":false,"sceneViewState":{"showFog":true,"showMaterialUpdate":true,"showSkybox":true,"showFlares":true,"showImageEffects":true,"showParticleSystems":true},"in2DMode":false,"pivot":{"x":1.8769065141677857,"y":2.535736083984375,"z":7.956238746643066},"rotation":{"x":0.01749606989324093,"y":-0.22485454380512238,"z":-0.004035715013742447,"w":-0.9742411375045776},"size":13.851800918579102,"orthographic":false}