{"cameraMode":{"drawMode":0,"name":"Shaded","section":"Shading Mode"},"sceneLighting":true,"audioPlay":false,"sceneViewState":{"showFog":true,"showMaterialUpdate":true,"showSkybox":true,"showFlares":true,"showImageEffects":true,"showParticleSystems":true},"in2DMode":false,"pivot":{"x":-0.6170921325683594,"y":0.8914406299591065,"z":4.470922470092773},"rotation":{"x":-0.15429717302322389,"y":-0.3325880169868469,"z":0.05476765334606171,"w":-0.9287526607513428},"size":3.8976340293884279,"orthographic":false}