{"cameraMode":{"drawMode":0,"name":"Shaded","section":"Shading Mode"},"sceneLighting":true,"audioPlay":false,"sceneViewState":{"showFog":true,"showMaterialUpdate":true,"showSkybox":true,"showFlares":true,"showImageEffects":true,"showParticleSystems":true},"in2DMode":false,"pivot":{"x":-0.36242425441741946,"y":0.5753813982009888,"z":4.3629865646362309},"rotation":{"x":-0.09078968316316605,"y":0.02953265607357025,"z":-0.0031474486459046604,"w":-0.9954288005828857},"size":4.797634601593018,"orthographic":false}