{"cameraMode":{"drawMode":0,"name":"Shaded","section":"Shading Mode"},"sceneLighting":false,"audioPlay":false,"sceneViewState":{"showFog":true,"showMaterialUpdate":false,"showSkybox":true,"showFlares":true,"showImageEffects":true,"showParticleSystems":true},"in2DMode":false,"pivot":{"x":2.614912748336792,"y":0.18840119242668153,"z":0.17147544026374818},"rotation":{"x":-0.35596874356269839,"y":-0.08438099920749664,"z":0.03180737420916557,"w":-0.9301373362541199},"size":9.006115913391114,"orthographic":false}