{"cameraMode":{"drawMode":0,"name":"Shaded","section":"Shading Mode"},"sceneLighting":false,"audioPlay":false,"sceneViewState":{"showFog":true,"showMaterialUpdate":true,"showSkybox":true,"showFlares":true,"showImageEffects":true,"showParticleSystems":true},"in2DMode":false,"pivot":{"x":0.1645078808069229,"y":-0.8806572556495667,"z":0.8549786806106567},"rotation":{"x":-0.1849343478679657,"y":0.02031414769589901,"z":-0.003823016071692109,"w":-0.9825416803359985},"size":3.3702993392944338,"orthographic":false}