{"cameraMode":{"drawMode":0,"name":"Shaded","section":"Shading Mode"},"sceneLighting":true,"audioPlay":false,"sceneViewState":{"showFog":true,"showMaterialUpdate":true,"showSkybox":true,"showFlares":true,"showImageEffects":true,"showParticleSystems":true},"in2DMode":false,"pivot":{"x":-1.1745681762695313,"y":2.9162373542785646,"z":5.069886684417725},"rotation":{"x":-0.2392079383134842,"y":0.2913128733634949,"z":-0.07548557221889496,"w":-0.9231567978858948},"size":9.449027061462403,"orthographic":false}