{"cameraMode":{"drawMode":0,"name":"Shaded","section":"Shading Mode"},"sceneLighting":true,"audioPlay":false,"sceneViewState":{"showFog":true,"showMaterialUpdate":true,"showSkybox":true,"showFlares":true,"showImageEffects":true,"showParticleSystems":true},"in2DMode":false,"pivot":{"x":1.9791098833084107,"y":1.4970624446868897,"z":10.626913070678711},"rotation":{"x":0.007456046994775534,"y":-0.006327759940177202,"z":-0.00004627667658496648,"w":-0.9999646544456482},"size":8.403022766113282,"orthographic":false}