{"cameraMode":{"drawMode":0,"name":"Shaded","section":"Shading Mode"},"sceneLighting":false,"audioPlay":false,"sceneViewState":{"showFog":true,"showMaterialUpdate":false,"showSkybox":true,"showFlares":true,"showImageEffects":true,"showParticleSystems":true},"in2DMode":false,"pivot":{"x":-15.1930513381958,"y":14.1070556640625,"z":3.9545555114746095},"rotation":{"x":-0.15185114741325379,"y":0.015943817794322969,"z":-0.0029070458840578796,"w":-0.9882705211639404},"size":19.233583450317384,"orthographic":false}