{"cameraMode":{"drawMode":0,"name":"Shaded","section":"Shading Mode"},"sceneLighting":false,"audioPlay":false,"sceneViewState":{"showFog":true,"showMaterialUpdate":false,"showSkybox":true,"showFlares":true,"showImageEffects":true,"showParticleSystems":true},"in2DMode":false,"pivot":{"x":-0.565687894821167,"y":0.22558893263339997,"z":0.5047013163566589},"rotation":{"x":-0.2804528474807739,"y":0.034132882952690127,"z":-0.01045079343020916,"w":-0.9592042565345764},"size":3.3157565593719484,"orthographic":false}