{"cameraMode":{"drawMode":0,"name":"Shaded","section":"Shading Mode"},"sceneLighting":false,"audioPlay":false,"sceneViewState":{"showFog":true,"showMaterialUpdate":false,"showSkybox":true,"showFlares":true,"showImageEffects":true,"showParticleSystems":true},"in2DMode":false,"pivot":{"x":0.6176285743713379,"y":6.469851493835449,"z":0.8837737441062927},"rotation":{"x":-0.060910552740097049,"y":0.019136136397719384,"z":-0.001620826660655439,"w":-0.9979585409164429},"size":14.513625144958496,"orthographic":false}