{"cameraMode":{"drawMode":0,"name":"Shaded","section":"Shading Mode"},"sceneLighting":true,"audioPlay":false,"sceneViewState":{"showFog":true,"showMaterialUpdate":true,"showSkybox":true,"showFlares":true,"showImageEffects":true,"showParticleSystems":true},"in2DMode":false,"pivot":{"x":-0.30019503831863406,"y":0.7303763031959534,"z":7.350382328033447},"rotation":{"x":-0.01745324581861496,"y":0.022187720984220506,"z":-0.0008393930038437247,"w":-0.9996035099029541},"size":7.070594787597656,"orthographic":false}