{"cameraMode":{"drawMode":0,"name":"Shaded","section":"Shading Mode"},"sceneLighting":true,"audioPlay":false,"sceneViewState":{"showFog":true,"showMaterialUpdate":false,"showSkybox":true,"showFlares":true,"showImageEffects":true,"showParticleSystems":true},"in2DMode":false,"pivot":{"x":-2.319314479827881,"y":0.6482584476470947,"z":0.7375365495681763},"rotation":{"x":0.004908684175461531,"y":-0.6640837788581848,"z":0.004964902997016907,"w":0.7476256489753723},"size":4.845234394073486,"orthographic":false}