{"cameraMode":{"drawMode":0,"name":"Shaded","section":"Shading Mode"},"sceneLighting":false,"audioPlay":false,"sceneViewState":{"showFog":true,"showMaterialUpdate":true,"showSkybox":true,"showFlares":true,"showImageEffects":true,"showParticleSystems":true},"in2DMode":false,"pivot":{"x":-1.648393988609314,"y":0.31967443227767947,"z":1.134483814239502},"rotation":{"x":0.010968675836920739,"y":0.3978253901004791,"z":0.004758023656904697,"w":-0.9173949956893921},"size":3.5256452560424806,"orthographic":false}