{"cameraMode":{"drawMode":0,"name":"Shaded","section":"Shading Mode"},"sceneLighting":false,"audioPlay":false,"sceneViewState":{"showFog":true,"showMaterialUpdate":false,"showSkybox":true,"showFlares":true,"showImageEffects":true,"showParticleSystems":true},"in2DMode":false,"pivot":{"x":0.42623573541641238,"y":6.228187561035156,"z":2.6042773723602297},"rotation":{"x":-0.15185114741325379,"y":0.015943817794322969,"z":-0.0029070458840578796,"w":-0.9882705211639404},"size":-0.6780518293380737,"orthographic":false}