{"cameraMode":{"drawMode":0,"name":"Shaded","section":"Shading Mode"},"sceneLighting":false,"audioPlay":false,"sceneViewState":{"showFog":true,"showMaterialUpdate":false,"showSkybox":true,"showFlares":true,"showImageEffects":true,"showParticleSystems":true},"in2DMode":false,"pivot":{"x":-3.536360025405884,"y":5.027560234069824,"z":1.4696364402770997},"rotation":{"x":-0.15185114741325379,"y":0.015943817794322969,"z":-0.0029070458840578796,"w":-0.9882705211639404},"size":23.311386108398439,"orthographic":false}