{"cameraMode":{"drawMode":0,"name":"Shaded","section":"Shading Mode"},"sceneLighting":false,"audioPlay":false,"sceneViewState":{"showFog":true,"showMaterialUpdate":false,"showSkybox":true,"showFlares":true,"showImageEffects":true,"showParticleSystems":true},"in2DMode":false,"pivot":{"x":-4.585054874420166,"y":4.650404930114746,"z":12.448396682739258},"rotation":{"x":0.06449946761131287,"y":0.24852979183197022,"z":0.01612076722085476,"w":-0.9663399457931519},"size":22.275392532348634,"orthographic":false}