{"cameraMode":{"drawMode":0,"name":"Shaded","section":"Shading Mode"},"sceneLighting":true,"audioPlay":false,"sceneViewState":{"showFog":true,"showMaterialUpdate":true,"showSkybox":true,"showFlares":true,"showImageEffects":true,"showParticleSystems":true},"in2DMode":false,"pivot":{"x":1.026881456375122,"y":0.0487440824508667,"z":-0.2083139419555664},"rotation":{"x":0.037445902824401858,"y":-0.00932178646326065,"z":-0.0003499561280477792,"w":-0.9992551207542419},"size":2.8748998641967775,"orthographic":false}