{"cameraMode":{"drawMode":0,"name":"Shaded","section":"Shading Mode"},"sceneLighting":true,"audioPlay":false,"sceneViewState":{"showFog":true,"showMaterialUpdate":true,"showSkybox":true,"showFlares":true,"showImageEffects":true,"showParticleSystems":true},"in2DMode":false,"pivot":{"x":-1.7365951538085938,"y":4.224915504455566,"z":4.714789390563965},"rotation":{"x":-0.055456455796957019,"y":0.04608502611517906,"z":-0.002562294714152813,"w":-0.9974021315574646},"size":10.519497871398926,"orthographic":false}