{"cameraMode":{"drawMode":0,"name":"Shaded","section":"Shading Mode"},"sceneLighting":true,"audioPlay":false,"sceneViewState":{"showFog":true,"showMaterialUpdate":true,"showSkybox":true,"showFlares":true,"showImageEffects":true,"showParticleSystems":true},"in2DMode":false,"pivot":{"x":0.260473370552063,"y":1.266339898109436,"z":4.44977331161499},"rotation":{"x":-0.02946649119257927,"y":-0.02429962158203125,"z":0.0002644116757437587,"w":-0.9992722868919373},"size":6.865246295928955,"orthographic":false}