{"cameraMode":{"drawMode":0,"name":"Shaded","section":"Shading Mode"},"sceneLighting":false,"audioPlay":false,"sceneViewState":{"showFog":true,"showMaterialUpdate":true,"showSkybox":true,"showFlares":true,"showImageEffects":true,"showParticleSystems":true},"in2DMode":false,"pivot":{"x":0.5220571756362915,"y":0.4820493161678314,"z":1.017075777053833},"rotation":{"x":-0.22680743038654328,"y":0.3535946011543274,"z":-0.08879763633012772,"w":-0.9031391143798828},"size":0.9710583090782166,"orthographic":false}