{"cameraMode":{"drawMode":0,"name":"Shaded","section":"Shading Mode"},"sceneLighting":false,"audioPlay":false,"sceneViewState":{"showFog":true,"showMaterialUpdate":true,"showSkybox":true,"showFlares":true,"showImageEffects":true,"showParticleSystems":true},"in2DMode":false,"pivot":{"x":-0.9409235715866089,"y":-0.22881245613098145,"z":1.411191463470459},"rotation":{"x":-0.07425697147846222,"y":0.23814399540424348,"z":-0.018262607976794244,"w":-0.9682248830795288},"size":2.470299482345581,"orthographic":false}