{"cameraMode":{"drawMode":0,"name":"Shaded","section":"Shading Mode"},"sceneLighting":true,"audioPlay":false,"sceneViewState":{"showFog":true,"showMaterialUpdate":true,"showSkybox":true,"showFlares":true,"showImageEffects":true,"showParticleSystems":true},"in2DMode":false,"pivot":{"x":-0.8533349633216858,"y":-0.5089730024337769,"z":7.800309181213379},"rotation":{"x":-0.0923202633857727,"y":0.014596228487789631,"z":-0.001807622378692031,"w":-0.9956226944923401},"size":9.510367393493653,"orthographic":false}