{"cameraMode":{"drawMode":0,"name":"Shaded","section":"Shading Mode"},"sceneLighting":false,"audioPlay":false,"sceneViewState":{"showFog":true,"showMaterialUpdate":false,"showSkybox":true,"showFlares":true,"showImageEffects":true,"showParticleSystems":true},"in2DMode":false,"pivot":{"x":0.34950771927833559,"y":0.560010552406311,"z":0.17337101697921754},"rotation":{"x":-0.08336443454027176,"y":0.008633003570139408,"z":-0.0011756903259083629,"w":-0.9964810609817505},"size":6.344027042388916,"orthographic":false}