{"cameraMode":{"drawMode":0,"name":"Shaded","section":"Shading Mode"},"sceneLighting":true,"audioPlay":false,"sceneViewState":{"showFog":true,"showMaterialUpdate":true,"showSkybox":true,"showFlares":true,"showImageEffects":true,"showParticleSystems":true},"in2DMode":false,"pivot":{"x":1.1455273628234864,"y":0.8353136777877808,"z":2.1643779277801515},"rotation":{"x":0.03568209707736969,"y":0.006593078374862671,"z":0.00023533630883321166,"w":-0.999343991279602},"size":0.3612366318702698,"orthographic":false}