{"cameraMode":{"drawMode":0,"name":"Shaded","section":"Shading Mode"},"sceneLighting":false,"audioPlay":false,"sceneViewState":{"showFog":true,"showMaterialUpdate":false,"showSkybox":true,"showFlares":true,"showImageEffects":true,"showParticleSystems":true},"in2DMode":false,"pivot":{"x":-0.006055655889213085,"y":0.6762672662734985,"z":0.028931472450494767},"rotation":{"x":0.004908684175461531,"y":-0.6640837788581848,"z":0.004964902997016907,"w":0.7476256489753723},"size":0.9666933417320252,"orthographic":false}