{"cameraMode":{"drawMode":0,"name":"Shaded","section":"Shading Mode"},"sceneLighting":true,"audioPlay":false,"sceneViewState":{"showFog":true,"showMaterialUpdate":true,"showSkybox":true,"showFlares":true,"showImageEffects":true,"showParticleSystems":true},"in2DMode":false,"pivot":{"x":-0.19354519248008729,"y":0.406295508146286,"z":0.07301101088523865},"rotation":{"x":-0.065993532538414,"y":0.010151256807148457,"z":-0.0006603557267226279,"w":-0.9977892637252808},"size":2.957365036010742,"orthographic":false}