{"cameraMode":{"drawMode":0,"name":"Shaded","section":"Shading Mode"},"sceneLighting":true,"audioPlay":false,"sceneViewState":{"showFog":true,"showMaterialUpdate":true,"showSkybox":true,"showFlares":true,"showImageEffects":true,"showParticleSystems":true},"in2DMode":false,"pivot":{"x":1.6139692068099976,"y":-0.5287392139434815,"z":2.4382805824279787},"rotation":{"x":-0.02580411732196808,"y":-0.014397415332496167,"z":0.00037162628723308444,"w":-0.9995644688606262},"size":9.569689750671387,"orthographic":false}