{"cameraMode":{"drawMode":0,"name":"Shaded","section":"Shading Mode"},"sceneLighting":false,"audioPlay":false,"sceneViewState":{"showFog":true,"showMaterialUpdate":false,"showSkybox":true,"showFlares":true,"showImageEffects":true,"showParticleSystems":true},"in2DMode":false,"pivot":{"x":1.077430248260498,"y":0.6780580282211304,"z":0.3050096035003662},"rotation":{"x":0.03636617213487625,"y":-0.08113878965377808,"z":-0.0034161258954554798,"w":-0.9960333108901978},"size":5.444026470184326,"orthographic":false}