{"cameraMode":{"drawMode":0,"name":"Shaded","section":"Shading Mode"},"sceneLighting":false,"audioPlay":false,"sceneViewState":{"showFog":true,"showMaterialUpdate":false,"showSkybox":true,"showFlares":true,"showImageEffects":true,"showParticleSystems":true},"in2DMode":false,"pivot":{"x":0.7071188688278198,"y":0.48238083720207217,"z":0.3635568618774414},"rotation":{"x":0.01848912052810192,"y":-0.04676548019051552,"z":-0.001318188849836588,"w":-0.9987341165542603},"size":5.444026470184326,"orthographic":false}